<?xml version="1.0" encoding="UTF-8"?>
<beans xmlns="http://www.springframework.org/schema/beans"
	xmlns:xsi="http://www.w3.org/2001/XMLSchema-instance"
	xsi:schemaLocation="http://www.springframework.org/schema/beans http://www.springframework.org/schema/beans/spring-beans-3.0.xsd
	http://camel.apache.org/schema/spring http://camel.apache.org/schema/spring/camel-spring.xsd">

	<camelContext
		xmlns="http://camel.apache.org/schema/spring">
		<route>
			<from uri="file://files/in?noop=true" />
			<filter>
				<simple>${header.CamelFileName} contains 'news'</simple>
				<log message="Message Logger : ${body}"/>
			</filter>
			<log message="Done Done!!!!"/>
		</route>

	</camelContext>

</beans>