<?xml version="1.0" encoding="UTF-8"?>
<beans xmlns="http://www.springframework.org/schema/beans"
	xmlns:xsi="http://www.w3.org/2001/XMLSchema-instance"
	xsi:schemaLocation="http://www.springframework.org/schema/beans http://www.springframework.org/schema/beans/spring-beans-3.0.xsd
		http://camel.apache.org/schema/spring http://camel.apache.org/schema/spring/camel-spring.xsd">

	<camelContext xmlns="http://camel.apache.org/schema/spring"	trace="true">
		<route id="Jetty_Route">
			<from uri="jetty:http://localhost:8888/myBookService" />
			<log logName="HTTP LOG" loggingLevel="INFO" message="HTTP REQUEST: ${in.header.bookid}"/>
			<process ref="myBookService" />
		</route>
	</camelContext>

	<bean class="com.example.http.BookService" id="myBookService"/>
	
</beans>
