<?xml version="1.0" encoding="UTF-8"?>
<cars>
	<category type="Luxury">
		<car>
			<model>XE</model>
			<make>Jaguar</make>
			<price>400000.00</price>
		</car>
		<car>
			<model>Cruze</model>
			<make>Chevrolet</make>
			<price>800000.00</price>
		</car>
	</category>
	<category type="SUV">
		<car>
			<model>X1</model>
			<make>BMW</make>
			<price>200000.00</price>
		</car>
		<car>
			<model>X5</model>
			<make>BMW</make>
			<price>270000.00</price>
		</car>
	</category>
	<category type="Sedan">
		<car>
			<model>Baleno</model>
			<make>Maruti</make>
			<price>200000.00</price>
		</car>
	</category>
</cars>